{
  "project_info": {
    "project_number": "335508357361",
    "firebase_url": "https://food-delivery-294a2.firebaseio.com",
    "project_id": "food-delivery-294a2",
    "storage_bucket": "food-delivery-294a2.appspot.com"
  },
  "client": [
    {
      "client_info": {
        "mobilesdk_app_id": "1:335508357361:android:478b54d25aa77fe73c6950",
        "android_client_info": {
          "package_name": "com.example.foodDelivery"
        }
      },
      "oauth_client": [
        {
          "client_id": "335508357361-o88v5drgagrn72eqctvoom493e2b2mqp.apps.googleusercontent.com",
          "client_type": 3
        }
      ],
      "api_key": [
        {
          "current_key": "AIzaSyDHOVbmWzXGcKT25sxZa444DkkpLaoHKms"
        }
      ],
      "services": {
        "appinvite_service": {
          "other_platform_oauth_client": [
            {
              "client_id": "335508357361-o88v5drgagrn72eqctvoom493e2b2mqp.apps.googleusercontent.com",
              "client_type": 3
            }
          ]
        }
      }
    }
  ],
  "configuration_version": "1"
}